CustomerID,InvoiceNo,StockCode,Description,Quantity,InvoiceDate,UnitPrice,Country,amount,Internal,recency,frequency,recency_log,frequency_log,amount_log
12347.0,537626,85116,BLACK CANDELABRA T-LIGHT HOLDER,2458,2010-12-07 14:57:00,2.644010989010989,Iceland,4310.0,No,2,7,0.6931471805599453,1.9459101490553132,8.368693183097793
12362.0,544203,21913,VINTAGE SEASIDE JIGSAW PUZZLES,2229,2011-02-17 10:30:00,3.94093984962406,Belgium,5226.23,No,3,10,1.0986122886681098,2.302585092994046,8.561445455827768
12364.0,563854,POST,POSTAGE,1506,2011-08-19 15:24:00,1.910235294117647,Belgium,1313.1,No,8,4,2.0794415416798357,1.3862943611198906,7.180146032864959
12381.0,563100,22635,CHILDS BREAKFAST SET DOLLY GIRL ,808,2011-08-12 09:57:00,4.683218390804598,Norway,1845.31,No,5,5,1.6094379124341003,1.6094379124341003,7.520402564040783
12417.0,539391,22801,ANTIQUE GLASS PEDESTAL BOWL,1552,2010-12-17 11:51:00,5.337916666666666,Belgium,3649.1,No,3,9,1.0986122886681098,2.1972245773362196,8.202235840829374
12423.0,539676,20685,DOORMAT RED RETROSPOT,1339,2010-12-21 10:54:00,2.9135999999999997,Belgium,1859.31,No,1,8,0.0,2.0794415416798357,7.527960730139757
12429.0,538003,22847,BREAD BIN DINER STYLE IVORY,1557,2010-12-09 12:05:00,3.6307216494845362,Denmark,3750.4,No,9,4,2.1972245773362196,1.3862943611198906,8.22961777994264
12451.0,541518,21880,RED RETROSPOT TAPE,6575,2011-01-19 09:05:00,2.450084745762712,Switzerland,9035.52,No,11,5,2.3978952727983707,1.6094379124341003,9.108918755326998
12464.0,543117,22846,BREAD BIN DINER STYLE RED ,112,2011-02-03 13:30:00,11.832758620689654,Belgium,1212.05,No,10,8,2.302585092994046,2.0794415416798357,7.100068419903744
12490.0,541120,21195,PINK  HONEYCOMB PAPER BALL ,3064,2011-01-14 09:13:00,2.692857142857143,France,5417.93,No,5,10,1.6094379124341003,2.302585092994046,8.597469102664936
12518.0,563914,22898,CHILDRENS APRON APPLES DESIGN,1318,2011-08-21 13:18:00,2.837177419354839,Germany,2056.89,No,1,5,0.0,1.6094379124341003,7.62895041228724
12524.0,540562,10125,MINI FUNKY DESIGN TAPES,3699,2011-01-10 10:35:00,2.9170833333333333,Germany,4485.72,No,9,8,2.1972245773362196,2.0794415416798357,8.40865429672557
12526.0,565765,20713,JUMBO BAG OWLS,632,2011-09-06 14:19:00,3.3538028169014087,Germany,1316.66,No,1,3,0.0,1.0986122886681098,7.1828535059231005
12528.0,542621,21843,RED RETROSPOT CAKE STAND,756,2011-01-31 09:05:00,5.487934782608695,Germany,1933.48,No,9,6,2.1972245773362196,1.791759469228055,7.567076767057985
12553.0,541138,20682,RED RETROSPOT CHILDRENS UMBRELLA,1965,2011-01-14 10:42:00,3.1996335078534033,France,3692.28,No,8,10,2.0794415416798357,2.302585092994046,8.213999432400366
12560.0,560590,22897,OVEN MITT APPLES DESIGN,1110,2011-07-19 15:55:00,2.8562857142857143,Germany,2134.01,No,5,3,1.6094379124341003,1.0986122886681098,7.665758117886333
12562.0,554648,23084,RABBIT NIGHT LIGHT,1779,2011-05-25 12:44:00,3.188214285714286,France,3781.7400000000002,No,8,7,2.0794415416798357,1.9459101490553132,8.23793950016037
12584.0,545664,21754,HOME BUILDING BLOCK WORD,416,2011-03-04 15:15:00,7.484375,Italy,2338.15,No,4,9,1.3862943611198906,2.1972245773362196,7.7571152973735025
12598.0,545105,22367,CHILDRENS APRON SPACEBOY DESIGN,1964,2011-02-28 11:58:00,2.8425757575757578,France,3023.08,No,10,8,2.302585092994046,2.0794415416798357,8.014031458207002
12615.0,558045,22993,SET OF 4 PANTRY JELLY MOULDS,1376,2011-06-24 13:35:00,3.0896190476190477,France,2291.19,No,2,4,0.6931471805599453,1.3862943611198906,7.7368266122316625
12627.0,560997,23288,GREEN VINTAGE SPOT BEAKER,2752,2011-07-22 13:59:00,2.937913043478261,Germany,4478.53,No,11,7,2.3978952727983707,1.9459101490553132,8.407050146564243
12657.0,567793,22894,TABLECLOTH RED APPLES DESIGN ,1044,2011-09-22 11:40:00,5.044893617021277,France,1643.18,No,11,4,2.3978952727983707,1.3862943611198906,7.404388667727291
12662.0,536527,22809,SET OF 6 T-LIGHTS SANTA,2058,2010-12-01 13:04:00,3.2064782608695652,Germany,3849.78,No,1,11,0.0,2.3978952727983707,8.255771282791972
12664.0,541756,84997C,BLUE 3 PIECE POLKADOT CUTLERY SET,1203,2011-01-21 11:42:00,11.084864864864864,Finland,4881.88,No,8,9,2.0794415416798357,2.1972245773362196,8.493285670560683
12670.0,550827,20725,LUNCH BAG RED RETROSPOT,1397,2011-04-21 10:16:00,3.235869565217391,France,2996.05,No,10,5,2.302585092994046,1.6094379124341003,8.00505003341641
12680.0,563712,21981,PACK OF 12 WOODLAND TISSUES ,443,2011-08-18 15:44:00,3.637884615384615,France,862.81,No,1,4,0.0,1.3862943611198906,6.7601945046193705
12684.0,552631,20974,12 PENCILS SMALL TUBE SKULL,1985,2011-05-10 12:55:00,2.5359999999999996,France,2283.63,No,8,7,2.0794415416798357,1.9459101490553132,7.733521561155678
12700.0,552315,22555,PLASTERS IN TIN STRONGMAN,2967,2011-05-08 16:10:00,2.6198880597014926,France,4939.99,No,8,4,2.0794415416798357,1.3862943611198906,8.505118585888422
12704.0,557803,22675,FRENCH KITCHEN SIGN BLUE METAL,1006,2011-06-23 10:20:00,6.428409090909091,Finland,2340.84,No,7,8,1.9459101490553132,2.0794415416798357,7.758265118294841
12714.0,544355,22367,CHILDRENS APRON SPACEBOY DESIGN,3069,2011-02-18 10:53:00,2.391891891891892,France,4708.86,No,9,5,2.1972245773362196,1.6094379124341003,8.457201119497926
12723.0,569699,23415,HOME SWEET HOME HOOK,434,2011-10-05 15:52:00,3.2023188405797103,France,725.07,No,4,5,1.3862943611198906,1.6094379124341003,6.586268201917995
12724.0,540835,22355,CHARLOTTE BAG SUKI DESIGN,445,2011-01-11 15:00:00,3.721132075471698,France,1031.41,No,5,4,1.6094379124341003,1.3862943611198906,6.9386820771292905
12727.0,541857,21195,PINK  HONEYCOMB PAPER BALL ,2098,2011-01-23 15:17:00,3.2171223021582733,France,3980.7,No,11,7,2.3978952727983707,1.9459101490553132,8.2892129622105
12747.0,537215,85124C,GREEN JUICY FRUIT PHOTO FRAME,1275,2010-12-05 15:38:00,4.3678640776699025,United Kingdom,4196.01,Yes,2,11,0.6931471805599453,2.3978952727983707,8.341889352735464
12749.0,552694,22768,FAMILY PHOTO FRAME CORNICE,1471,2011-05-10 15:25:00,4.999949748743719,United Kingdom,4090.88,Yes,4,5,1.3862943611198906,1.6094379124341003,8.316515384817691
12766.0,537818,22867,HAND WARMER BIRD DESIGN,3646,2010-12-08 13:53:00,3.070806451612903,Portugal,6989.63,No,4,7,1.3862943611198906,1.9459101490553132,8.852182901065781
12782.0,539353,22960,JAM MAKING SET WITH JARS,1086,2010-12-17 11:30:00,3.805436893203883,Portugal,2330.92,No,5,5,1.6094379124341003,1.6094379124341003,7.754018318412491
12783.0,568208,23318,BOX OF 6 MINI VINTAGE CRACKERS,624,2011-09-25 15:35:00,12.22857142857143,Portugal,2225.91,No,2,6,0.6931471805599453,1.791759469228055,7.707921099751278
12798.0,557670,23084,RABBIT NIGHT LIGHT,5256,2011-06-22 10:11:00,1.0474999999999999,Japan,6977.04,No,10,3,2.302585092994046,1.0986122886681098,8.850380037045921
12820.0,541283,21977,PACK OF 60 PINK PAISLEY CAKE CASES,722,2011-01-17 12:34:00,1.9047457627118642,United Kingdom,942.34,Yes,3,4,1.0986122886681098,1.3862943611198906,6.848366143637881
12826.0,538107,22086,PAPER CHAIN KIT 50'S CHRISTMAS ,1058,2010-12-09 15:21:00,1.9276923076923078,United Kingdom,1474.72,Yes,3,7,1.0986122886681098,1.9459101490553132,7.296223420245354
12828.0,562025,21115,ROSE CARAVAN DOORSTOP,494,2011-08-01 16:16:00,3.09,United Kingdom,1018.71,Yes,3,6,1.0986122886681098,1.791759469228055,6.926292399980548
12856.0,570116,22634,CHILDS BREAKFAST SET SPACEBOY ,1076,2011-10-07 12:38:00,2.5385209003215436,United Kingdom,2170.78,Yes,8,6,2.0794415416798357,1.791759469228055,7.682841828953515
12877.0,539213,22502,PICNIC BASKET WICKER SMALL,1178,2010-12-16 12:23:00,1.8988961038961039,United Kingdom,1535.77,Yes,4,12,1.3862943611198906,2.4849066497880004,7.336787162912193
12906.0,567882,23188,VINTAGE  2 METER FOLDING RULER,1749,2011-09-22 15:03:00,2.551904761904762,United Kingdom,2919.81,Yes,12,5,2.4849066497880004,1.6094379124341003,7.979273824652131
12912.0,573334,23177,TREASURE ISLAND BOOK BOX,670,2011-10-30 11:35:00,2.7191666666666667,United Kingdom,1662.3,Yes,3,5,1.0986122886681098,1.6094379124341003,7.415957464541414
12913.0,537433,22086,PAPER CHAIN KIT 50'S CHRISTMAS ,1419,2010-12-06 16:36:00,2.9248000000000003,United Kingdom,2483.63,Yes,5,5,1.6094379124341003,1.6094379124341003,7.817476478657597
12919.0,557797,22077,6 RIBBONS RUSTIC CHARM,673,2011-06-23 09:22:00,2.6044,United Kingdom,1335.19,Yes,8,6,2.0794415416798357,1.791759469228055,7.196828882804899
12935.0,541972,20971,PINK BLUE FELT CRAFT TRINKET BOX,1853,2011-01-24 13:58:00,2.032325581395349,United Kingdom,2160.7,Yes,2,7,0.6931471805599453,1.9459101490553132,7.6781875222516245
12950.0,576571,85099B,JUMBO BAG RED RETROSPOT,1380,2011-11-15 13:48:00,1.3891304347826086,United Kingdom,1843.0,Yes,2,3,0.6931471805599453,1.0986122886681098,7.519149957669823
12951.0,541002,84832,ZINC WILLIE WINKIE  CANDLE STICK,503,2011-01-13 10:33:00,3.006031746031746,United Kingdom,1064.07,Yes,9,6,2.1972245773362196,1.791759469228055,6.969856457211241
12952.0,567905,22720,SET OF 3 CAKE TINS PANTRY DESIGN ,653,2011-09-22 16:37:00,4.062658227848101,United Kingdom,1387.79,Yes,6,4,1.791759469228055,1.3862943611198906,7.235467832790259
12955.0,546781,22185,SLATE TILE NATURAL HANGING,3664,2011-03-17 09:03:00,1.6899444444444445,United Kingdom,4757.16,Yes,1,11,0.0,2.3978952727983707,8.467406130510332
12957.0,540019,84992,72 SWEETHEART FAIRY CAKE CASES,2549,2011-01-04 12:18:00,2.817563025210084,United Kingdom,4017.54,Yes,10,8,2.302585092994046,2.0794415416798357,8.298425054002674
12963.0,537880,21669,BLUE STRIPE CERAMIC DRAWER KNOB,881,2010-12-09 09:14:00,3.294842105263158,United Kingdom,1856.63,Yes,8,8,2.0794415416798357,2.0794415416798357,7.526518295404712
12985.0,575868,23112,PARISIENNE CURIO CABINET,1533,2011-11-11 12:44:00,1.914342105263158,United Kingdom,1239.38,Yes,1,2,0.0,0.6931471805599453,7.1223665335574005
13012.0,544341,15036,ASSORTED COLOURS SILK FAN,820,2011-02-18 09:43:00,3.2260227272727273,United Kingdom,1646.8400000000001,Yes,9,8,2.1972245773362196,2.0794415416798357,7.406613579131976
13014.0,545575,22077,6 RIBBONS RUSTIC CHARM,905,2011-03-03 18:28:00,5.255229357798165,United Kingdom,3466.2799999999997,Yes,11,10,2.3978952727983707,2.302585092994046,8.150837251778938
13021.0,539094,22840,ROUND CAKE TIN VINTAGE RED,1352,2010-12-16 10:12:00,3.812290076335878,United Kingdom,2616.38,Yes,4,9,1.3862943611198906,2.1972245773362196,7.869546961966724
13026.0,546087,17003,BROCADE RING PURSE ,1620,2011-03-09 11:35:00,0.6757500000000001,United Kingdom,975.36,Yes,1,5,0.0,1.6094379124341003,6.882806633618172
13077.0,537837,22507,MEMO BOARD RETROSPOT  DESIGN,862,2010-12-08 14:59:00,1.7603603603603604,United Kingdom,728.02,Yes,1,4,0.0,1.3862943611198906,6.590328520346795
13104.0,539567,22560,TRADITIONAL MODELLING CLAY,504,2010-12-20 11:58:00,2.1715,United Kingdom,1098.48,Yes,3,6,1.0986122886681098,1.791759469228055,7.001682685013496
13115.0,556102,21086,SET/6 RED SPOTTY PAPER CUPS,1567,2011-06-08 16:15:00,2.5444999999999998,United Kingdom,2294.78,Yes,12,4,2.4849066497880004,1.3862943611198906,7.738392257333279
13126.0,537759,21232,STRAWBERRY CERAMIC TRINKET BOX,2143,2010-12-08 11:42:00,2.100142857142857,United Kingdom,2099.64,Yes,5,8,1.6094379124341003,2.0794415416798357,7.649521180444529
13137.0,543191,85071A,BLUE CHARLIE+LOLA PERSONAL DOORSIGN,2204,2011-02-04 11:54:00,1.9146724890829696,United Kingdom,3603.29,Yes,11,8,2.3978952727983707,2.0794415416798357,8.18960259599089
13159.0,563428,22668,PINK BABY BUNTING,1058,2011-08-16 11:44:00,2.684083333333333,United Kingdom,1429.35,Yes,9,4,2.1972245773362196,1.3862943611198906,7.264975074462307
13183.0,540502,22679,FRENCH BLUE METAL DOOR SIGN 4,2208,2011-01-09 10:50:00,2.032659574468085,United Kingdom,3957.78,Yes,8,9,2.0794415416798357,2.1972245773362196,8.28343854098959
13196.0,547375,22139,RETROSPOT TEA SET CERAMIC 11 PC ,1224,2011-03-22 14:24:00,2.5078181818181817,United Kingdom,1797.78,Yes,11,4,2.3978952727983707,1.3862943611198906,7.494307849369442
13198.0,538523,82616C,MIDNIGHT GLAMOUR SCARF KNITTING KIT,2648,2010-12-13 09:29:00,2.379336283185841,United Kingdom,3401.2400000000002,Yes,10,6,2.302585092994046,1.791759469228055,8.131895349997581
13225.0,538526,85035B,CHOCOLATE 3 WICK MORRIS BOX CANDLE,3416,2010-12-13 09:49:00,2.3603125,United Kingdom,6463.84,Yes,3,7,1.0986122886681098,1.9459101490553132,8.773978847419336
13230.0,538169,22156,HEART DECORATION WITH PEARLS ,1638,2010-12-09 19:28:00,2.4167461669505963,United Kingdom,2755.63,Yes,4,14,1.3862943611198906,2.6390573296152584,7.921401370580957
13232.0,549562,22270,HAPPY EASTER HANGING DECORATION,773,2011-04-10 13:48:00,3.2133663366336633,United Kingdom,1328.35,Yes,13,7,2.5649493574615367,1.9459101490553132,7.191692849528935
13266.0,547891,10125,MINI FUNKY DESIGN TAPES,4428,2011-03-28 10:14:00,1.9028877005347595,United Kingdom,3834.2599999999998,Yes,11,12,2.3978952727983707,2.4849066497880004,8.25173173559947
13297.0,569363,23355,HOT WATER BOTTLE KEEP CALM,963,2011-10-03 15:08:00,2.977966101694915,United Kingdom,2089.85,Yes,8,4,2.0794415416798357,1.3862943611198906,7.644847572048315
13305.0,536671,85061W,WHITE JEWELLED HEART DECORATION,1232,2010-12-02 12:10:00,3.3620987654320986,United Kingdom,2000.86,Yes,4,10,1.3862943611198906,2.302585092994046,7.601332367118576
13309.0,543196,22382,LUNCH BAG SPACEBOY DESIGN ,1544,2011-02-04 12:29:00,1.6181308411214952,United Kingdom,1456.79,Yes,7,5,1.9459101490553132,1.6094379124341003,7.283990664029597
13314.0,568394,21216,"SET 3 RETROSPOT TEA,COFFEE,SUGAR",560,2011-09-27 10:20:00,3.1879032258064517,United Kingdom,775.94,Yes,2,3,0.6931471805599453,1.0986122886681098,6.654075197606277
13318.0,574047,23280,FOLDING BUTTERFLY MIRROR HOT PINK ,304,2011-11-02 13:26:00,2.857,United Kingdom,640.76,Yes,1,3,0.0,1.0986122886681098,6.462654971833283
13323.0,567097,21485,RETROSPOT HEART HOT WATER BOTTLE,175,2011-09-16 13:23:00,4.55,United Kingdom,787.85,Yes,3,5,1.0986122886681098,1.6094379124341003,6.6693077164080545
13362.0,544970,22469,HEART OF WICKER SMALL,1382,2011-02-25 11:33:00,3.499277108433735,United Kingdom,3090.7400000000002,Yes,9,4,2.1972245773362196,1.3862943611198906,8.036165823421154
13394.0,543054,21080,SET/20 RED RETROSPOT PAPER NAPKINS ,2392,2011-02-03 10:39:00,1.6380000000000001,United Kingdom,2520.02,Yes,2,8,0.6931471805599453,2.0794415416798357,7.8320221169819115
13426.0,539004,20979,36 PENCILS TUBE RED RETROSPOT,2245,2010-12-15 12:43:00,1.8858598726114648,United Kingdom,3641.32,Yes,1,10,0.0,2.302585092994046,8.200101532256387
13435.0,555509,21463,MIRRORED DISCO BALL ,2129,2011-06-03 17:07:00,2.935247524752475,United Kingdom,3809.8900000000003,Yes,5,7,1.6094379124341003,1.9459101490553132,8.245355596312884
13471.0,572294,22557,PLASTERS IN TIN VINTAGE PAISLEY ,1583,2011-10-23 13:10:00,2.4573622047244092,United Kingdom,2501.84,Yes,1,4,0.0,1.3862943611198906,7.824781740141115
13495.0,537419,22189,CREAM HEART CARD HOLDER,829,2010-12-06 15:14:00,2.5783333333333336,United Kingdom,2044.8700000000001,Yes,8,5,2.0794415416798357,1.6094379124341003,7.623089496774113
13507.0,560239,21577,SAVE THE PLANET COTTON TOTE BAG,1597,2011-07-17 11:50:00,3.3541975308641976,United Kingdom,2479.16,Yes,3,4,1.0986122886681098,1.3862943611198906,7.815675072106529
13509.0,545156,22197,SMALL POPCORN HOLDER,1106,2011-02-28 13:27:00,1.3643181818181818,United Kingdom,979.72,Yes,9,7,2.1972245773362196,1.9459101490553132,6.887266816554801
13510.0,556113,22817,CARD SUKI BIRTHDAY,1386,2011-06-09 09:32:00,2.385913043478261,United Kingdom,1791.56,Yes,1,4,0.0,1.3862943611198906,7.4908420276717615
13521.0,579472,23535,WALL ART BICYCLE SAFETY,718,2011-11-29 15:09:00,1.8398564593301434,United Kingdom,1071.73,Yes,1,3,0.0,1.0986122886681098,6.977029444235621
13536.0,568177,23366,SET 12 COLOURING PENCILS DOILY,2126,2011-09-25 13:30:00,3.234157303370787,United Kingdom,3444.39,Yes,1,7,0.0,1.9459101490553132,8.144502099554527
13571.0,548484,82582,AREA PATROLLED METAL SIGN,1757,2011-03-31 12:43:00,1.7268823529411765,United Kingdom,2088.94,Yes,13,12,2.5649493574615367,2.4849066497880004,7.644412039267589
13590.0,543534,82494L,WOODEN FRAME ANTIQUE WHITE ,1848,2011-02-09 13:25:00,1.8458620689655172,United Kingdom,1981.92,Yes,11,6,2.3978952727983707,1.791759469228055,7.59182135080589
13610.0,545066,22841,ROUND CAKE TIN VINTAGE GREEN,488,2011-02-27 14:44:00,2.902093023255814,United Kingdom,1082.33,Yes,12,7,2.4849066497880004,1.9459101490553132,6.986871403664056
13630.0,545057,22148,EASTER CRAFT 4 CHICKS ,1391,2011-02-27 12:49:00,2.003098591549296,United Kingdom,2031.78,Yes,5,7,1.6094379124341003,1.9459101490553132,7.616667535120465
13647.0,550521,23206,LUNCH BAG APPLE DESIGN,887,2011-04-19 09:49:00,3.3148717948717947,United Kingdom,1648.1200000000001,Yes,10,4,2.302585092994046,1.3862943611198906,7.4073905233524755
13658.0,553894,22854,CREAM SWEETHEART EGG HOLDER,1019,2011-05-19 17:15:00,4.0226851851851855,United Kingdom,2639.17,Yes,10,5,2.302585092994046,1.6094379124341003,7.878219752768833
13680.0,540033,47591D,PINK FAIRY CAKE CHILDRENS APRON,1934,2011-01-04 14:12:00,2.2080927835051547,United Kingdom,3719.12,Yes,1,4,0.0,1.3862943611198906,8.221242360142881
13685.0,570408,22098,BOUDOIR SQUARE TISSUE BOX,5056,2011-10-10 12:59:00,0.7007692307692308,United Kingdom,3119.44,Yes,3,7,1.0986122886681098,1.9459101490553132,8.04540877751429
13704.0,566432,23245,SET OF 3 REGENCY CAKE TINS,1531,2011-09-12 14:40:00,3.328805970149254,United Kingdom,2308.06,Yes,5,9,1.6094379124341003,2.1972245773362196,7.744162623823882
13743.0,547820,22560,TRADITIONAL MODELLING CLAY,1776,2011-03-25 14:46:00,1.1202439024390243,United Kingdom,1341.6,Yes,3,7,1.0986122886681098,1.9459101490553132,7.201618210508999
13755.0,570197,16216,LETTER SHAPE PENCIL SHARPENER,1242,2011-10-07 15:45:00,3.1130529595015575,United Kingdom,2108.06,Yes,4,9,1.3862943611198906,2.1972245773362196,7.653523372254292
13758.0,536425,22837,HOT WATER BOTTLE BABUSHKA ,1844,2010-12-01 12:08:00,3.287948717948718,United Kingdom,3190.55,Yes,12,7,2.4849066497880004,1.9459101490553132,8.067948594710444
13769.0,537612,21733,RED HANGING HEART T-LIGHT HOLDER,1163,2010-12-07 13:28:00,3.727777777777778,United Kingdom,2796.51,Yes,2,10,0.6931471805599453,2.302585092994046,7.936127490153694
13784.0,540829,84970S,HANGING HEART ZINC T-LIGHT HOLDER,2493,2011-01-11 14:38:00,2.6380645161290324,United Kingdom,2462.79,Yes,10,11,2.302585092994046,2.3978952727983707,7.8090501326097765
13808.0,565419,23020,GLASS  SONGBIRD STORAGE JAR,782,2011-09-04 12:07:00,3.7531578947368422,United Kingdom,1747.66,Yes,6,5,1.791759469228055,1.6094379124341003,7.466033029287192
13860.0,566622,23083,SET 6 PAPER TABLE LANTERN STARS ,591,2011-09-14 09:27:00,3.514605263157895,United Kingdom,1245.9,Yes,1,5,0.0,1.6094379124341003,7.127613439304818
13870.0,544935,22665,RECIPE BOX BLUE SKETCHBOOK DESIGN,1325,2011-02-25 09:09:00,3.378608695652174,United Kingdom,2770.94,Yes,2,8,0.6931471805599453,2.0794415416798357,7.92694189179564
13882.0,569887,48194,DOORMAT HEARTS,953,2011-10-06 15:28:00,3.381846153846154,United Kingdom,1191.13,Yes,3,5,1.0986122886681098,1.6094379124341003,7.082657715371789
13883.0,548533,22982,PANTRY PASTRY BRUSH,1436,2011-03-31 17:17:00,3.3760563380281687,United Kingdom,2674.48,Yes,11,5,2.3978952727983707,1.6094379124341003,7.891510247910067
13890.0,539084,84836,ZINC METAL HEART DECORATION,831,2010-12-16 09:31:00,3.4015454545454546,United Kingdom,1883.8100000000002,Yes,1,10,0.0,2.302585092994046,7.5410516007937805
13924.0,568701,23014,GLASS APOTHECARY BOTTLE ELIXIR,1575,2011-09-28 15:07:00,2.6076068376068373,United Kingdom,1838.8500000000001,Yes,2,6,0.6931471805599453,1.791759469228055,7.516895655209113
13949.0,565725,22998,TRAVEL CARD WALLET KEEP CALM,2474,2011-09-06 11:55:00,1.456625,United Kingdom,2427.32,Yes,3,6,1.0986122886681098,1.791759469228055,7.794543047055753
13953.0,539762,62018,SOMBRERO ,2724,2010-12-22 10:29:00,2.293,United Kingdom,3515.68,Yes,7,7,1.9459101490553132,1.9459101490553132,8.164988242148956
13956.0,546424,22668,PINK BABY BUNTING,486,2011-03-13 12:51:00,3.4904761904761905,United Kingdom,1019.27,Yes,5,5,1.6094379124341003,1.6094379124341003,6.926841963778126
13994.0,560102,23147,SINGLE ANTIQUE ROSE HOOK IVORY,932,2011-07-14 18:28:00,3.7539189189189193,United Kingdom,2274.14,Yes,4,6,1.3862943611198906,1.791759469228055,7.729357237938709
13999.0,538567,20675,BLUE POLKADOT BOWL,2243,2010-12-13 11:23:00,2.274903846153846,United Kingdom,3901.81,Yes,10,12,2.302585092994046,2.4849066497880004,8.269195827019555
14005.0,552255,21213,PACK OF 72 SKULL CAKE CASES,2478,2011-05-08 10:33:00,2.205238095238095,United Kingdom,2874.72,Yes,10,5,2.302585092994046,1.6094379124341003,7.963710557184262
14032.0,537707,22837,HOT WATER BOTTLE BABUSHKA ,2032,2010-12-08 10:53:00,2.38993006993007,United Kingdom,2975.59,Yes,2,11,0.6931471805599453,2.3978952727983707,7.998197617644783
14047.0,536615,22367,CHILDRENS APRON SPACEBOY DESIGN,381,2010-12-02 10:09:00,4.8353125,United Kingdom,1308.6100000000001,Yes,9,5,2.1972245773362196,1.6094379124341003,7.176720784160987
14071.0,547044,21034,REX CASH+CARRY JUMBO SHOPPER,994,2011-03-20 11:33:00,2.4073993808049536,United Kingdom,1437.57,Yes,4,8,1.3862943611198906,2.0794415416798357,7.270709467138085
14083.0,536945,47503J,SET/3 FLORAL GARDEN TOOLS IN BAG,705,2010-12-03 12:24:00,2.836497175141243,United Kingdom,1002.9,Yes,4,9,1.3862943611198906,2.1972245773362196,6.910651082094162
14102.0,572861,90019C,SILVER BLACK ORBIT BRACELET,769,2011-10-26 12:46:00,2.335,United Kingdom,1105.8799999999999,Yes,5,5,1.6094379124341003,1.6094379124341003,7.008396677099986
14113.0,539572,22891,TEA FOR ONE POLKADOT,745,2010-12-20 12:14:00,2.481176470588235,United Kingdom,1840.42,Yes,4,4,1.3862943611198906,1.3862943611198906,7.517749085425048
14121.0,570516,20768,GREEN FERN JOURNAL ,2082,2011-10-11 10:39:00,2.2942138364779874,United Kingdom,2780.15,Yes,4,4,1.3862943611198906,1.3862943611198906,7.930260162063598
14125.0,567890,22551,PLASTERS IN TIN SPACEBOY,1628,2011-09-22 15:40:00,3.170421686746988,United Kingdom,2720.63,Yes,11,3,2.3978952727983707,1.0986122886681098,7.908618750117876
14129.0,547561,23127,DOLLCRAFT GIRL NICOLE,592,2011-03-24 08:44:00,2.734423076923077,United Kingdom,1123.8600000000001,Yes,2,5,0.6931471805599453,1.6094379124341003,7.024524467535856
14132.0,556193,47599A,PINK PARTY BAGS,3368,2011-06-09 12:04:00,1.71775,United Kingdom,3586.0299999999997,Yes,2,11,0.6931471805599453,2.3978952727983707,8.184801019997346
14141.0,564656,23263,SET OF 3 WOODEN HEART DECORATIONS,355,2011-08-26 14:40:00,3.5195,United Kingdom,915.13,Yes,3,4,1.0986122886681098,1.3862943611198906,6.819066131686343
14146.0,539444,85199L,LARGE HANGING IVORY & RED WOOD BIRD,2437,2010-12-17 15:52:00,2.6339047619047617,United Kingdom,4191.0,Yes,9,5,2.1972245773362196,1.6094379124341003,8.340694647925071
14178.0,556425,22661,CHARLOTTE BAG DOLLY GIRL DESIGN,1494,2011-06-10 12:51:00,1.6965094339622642,United Kingdom,1600.26,Yes,9,7,2.1972245773362196,1.9459101490553132,7.377921395026178
14209.0,540817,21733,RED HANGING HEART T-LIGHT HOLDER,691,2011-01-11 12:56:00,5.291494252873563,United Kingdom,2073.43,Yes,11,6,2.3978952727983707,1.791759469228055,7.636959519772472
14215.0,537423,22602,CHRISTMAS RETROSPOT HEART WOOD,1358,2010-12-06 15:34:00,2.221111111111111,United Kingdom,1789.72,Yes,12,6,2.4849066497880004,1.791759469228055,7.489814462018194
14216.0,573955,21770,OPEN CLOSED METAL SIGN,594,2011-11-02 10:51:00,4.716271186440678,United Kingdom,1839.3,Yes,3,4,1.0986122886681098,1.3862943611198906,7.517140343436752
14217.0,537809,85067,CREAM SWEETHEART WALL CABINET,689,2010-12-08 13:28:00,5.4955,United Kingdom,2004.98,Yes,2,17,0.6931471805599453,2.833213344056216,7.603389364628574
14243.0,537879,22114,HOT WATER BOTTLE TEA AND SYMPATHY,1221,2010-12-09 08:34:00,3.9612765957446805,United Kingdom,2588.77,Yes,9,10,2.1972245773362196,2.302585092994046,7.85893813841631
14250.0,566271,23355,HOT WATER BOTTLE KEEP CALM,1200,2011-09-11 13:44:00,2.487207207207207,United Kingdom,1904.05,Yes,7,3,1.9459101490553132,1.0986122886681098,7.551738475510711
14251.0,571033,22910,PAPER CHAIN KIT VINTAGE CHRISTMAS,1674,2011-10-13 12:46:00,2.0692307692307694,United Kingdom,2879.7000000000003,Yes,2,5,0.6931471805599453,1.6094379124341003,7.965441401037601
14262.0,549944,21913,VINTAGE SEASIDE JIGSAW PUZZLES,1645,2011-04-13 12:23:00,2.090699300699301,United Kingdom,2618.23,Yes,8,8,2.0794415416798357,2.0794415416798357,7.870253795934116
14289.0,544791,20931,BLUE POT PLANT CANDLE ,292,2011-02-23 12:33:00,5.346382978723404,United Kingdom,911.26,Yes,9,6,2.1972245773362196,1.791759469228055,6.814828257199554
14290.0,538529,22837,HOT WATER BOTTLE BABUSHKA ,915,2010-12-13 10:24:00,3.6530693069306936,United Kingdom,2314.65,Yes,11,5,2.3978952727983707,1.6094379124341003,7.747013767185323
14291.0,546133,22502,PICNIC BASKET WICKER SMALL,2749,2011-03-09 15:20:00,2.5928691983122363,United Kingdom,3883.25,Yes,2,11,0.6931471805599453,2.3978952727983707,8.264427710868016
14292.0,545339,22960,JAM MAKING SET WITH JARS,1663,2011-03-02 08:26:00,3.346,United Kingdom,4871.93,Yes,8,9,2.0794415416798357,2.1972245773362196,8.491245441470422
14293.0,537241,22111,SCOTTIE DOG HOT WATER BOTTLE,709,2010-12-06 10:18:00,2.206393442622951,United Kingdom,1046.56,Yes,3,4,1.0986122886681098,1.3862943611198906,6.953263874212903
14299.0,537895,84029E,RED WOOLLY HOTTIE WHITE HEART.,2149,2010-12-09 10:30:00,3.091818181818182,United Kingdom,3965.62,Yes,8,9,2.0794415416798357,2.1972245773362196,8.285417490066655
14309.0,539226,84945,MULTI COLOUR SILVER T-LIGHT HOLDER,1633,2010-12-16 13:05:00,2.456153846153846,United Kingdom,2352.53,Yes,8,9,2.0794415416798357,2.1972245773362196,7.763246623769297
14321.0,540595,16235,RECYCLED PENCIL WITH RABBIT ERASER,2406,2011-01-10 11:35:00,1.41869918699187,United Kingdom,1530.75,Yes,11,5,2.3978952727983707,1.6094379124341003,7.333513090358064
14388.0,536632,21931,JUMBO STORAGE BAG SUKI,1941,2010-12-02 11:02:00,2.7180645161290324,United Kingdom,3212.84,Yes,10,8,2.302585092994046,2.0794415416798357,8.074910560179056
14390.0,536643,85136A,YELLOW SHARK HELICOPTER,2133,2010-12-02 11:57:00,3.0800704225352113,United Kingdom,4642.57,Yes,10,9,2.302585092994046,2.1972245773362196,8.443023371196118
14395.0,536837,82486,WOOD S/3 CABINET ANT WHITE FINISH,1689,2010-12-02 18:15:00,2.7631321839080463,United Kingdom,3479.91,Yes,2,9,0.6931471805599453,2.1972245773362196,8.154761710365126
14408.0,547078,15036,ASSORTED COLOURS SILK FAN,1610,2011-03-20 14:41:00,1.8985849056603774,United Kingdom,2599.03,Yes,11,7,2.3978952727983707,1.9459101490553132,7.862893577475988
14418.0,564198,23249,VINTAGE RED ENAMEL TRIM PLATE,1711,2011-08-23 17:18:00,2.1406451612903226,United Kingdom,1937.25,Yes,4,3,1.3862943611198906,1.0986122886681098,7.56902472064406
14419.0,538197,21754,HOME BUILDING BLOCK WORD,483,2010-12-10 10:56:00,2.522722772277228,United Kingdom,1051.79,Yes,11,6,2.3978952727983707,1.791759469228055,6.958248753599113
14422.0,546882,22171,3 HOOK PHOTO SHELF ANTIQUE WHITE,2906,2011-03-17 17:26:00,2.810225225225225,United Kingdom,4263.64,Yes,1,6,0.0,1.791759469228055,8.357878534514102
14428.0,541510,21696,SMALL SILVER TRELLIS CANDLEPOT,428,2011-01-18 16:39:00,4.2707299270073,United Kingdom,1224.06,Yes,7,5,1.9459101490553132,1.6094379124341003,7.1099284814786925
14432.0,566279,22093,MOTORING TISSUE BOX,2013,2011-09-11 14:09:00,1.4661007957559682,United Kingdom,2248.5,Yes,10,6,2.302585092994046,1.791759469228055,7.718018606210762
14440.0,538014,22969,HOMEMADE JAM SCENTED CANDLES,588,2010-12-09 12:49:00,4.7023636363636365,United Kingdom,2357.6800000000003,Yes,8,5,2.0794415416798357,1.6094379124341003,7.765433363660811
14441.0,548033,21181,PLEASE ONE PERSON METAL SIGN,446,2011-03-29 12:01:00,5.544117647058823,United Kingdom,1712.89,Yes,1,4,0.0,1.3862943611198906,7.445937281434472
14446.0,549250,21386,IVORY HANGING DECORATION  EGG,916,2011-04-07 12:10:00,1.8409747292418772,United Kingdom,1010.35,Yes,1,4,0.0,1.3862943611198906,6.9180520844595055
14456.0,560712,22411,JUMBO SHOPPER VINTAGE RED PAISLEY,2885,2011-07-20 13:06:00,1.771246040126716,United Kingdom,3017.28,Yes,5,9,1.6094379124341003,2.1972245773362196,8.012111042277313
14493.0,559342,84945,MULTI COLOUR SILVER T-LIGHT HOLDER,1285,2011-07-07 16:59:00,3.024583333333333,United Kingdom,2383.2400000000002,Yes,7,5,1.9459101490553132,1.6094379124341003,7.776216185413977
14503.0,556685,23110,PARISIENNE KEY CABINET ,2004,2011-06-14 10:00:00,2.6662195121951218,United Kingdom,3543.26,Yes,3,6,1.0986122886681098,1.791759469228055,8.172802486310724
14511.0,561732,84879,ASSORTED COLOUR BIRD ORNAMENT,784,2011-07-29 12:13:00,2.501764705882353,United Kingdom,1314.81,Yes,11,5,2.3978952727983707,1.6094379124341003,7.181447447480642
14546.0,548984,21382,SET/4 SPRING FLOWER DECORATION,1313,2011-04-05 12:37:00,2.6873803526448365,United Kingdom,2573.93,Yes,5,5,1.6094379124341003,1.6094379124341003,7.853189192759086
14547.0,571286,71038,WHITE HANGING BEADS CANDLE HOLDER,2639,2011-10-16 14:35:00,2.8969577464788734,United Kingdom,3974.75,Yes,4,8,1.3862943611198906,2.0794415416798357,8.287717132028819
14554.0,571667,84836,ZINC METAL HEART DECORATION,1443,2011-10-18 13:04:00,2.6990640394088667,United Kingdom,2279.4900000000002,Yes,10,4,2.302585092994046,1.3862943611198906,7.731707012716916
14572.0,541604,21485,RETROSPOT HEART HOT WATER BOTTLE,1420,2011-01-19 17:23:00,2.9711068702290078,United Kingdom,2804.54,Yes,3,7,1.0986122886681098,1.9459101490553132,7.93899481163862
14583.0,553657,48173C,DOORMAT BLACK FLOCK ,751,2011-05-18 11:28:00,1.9859271523178808,United Kingdom,986.96,Yes,6,5,1.791759469228055,1.6094379124341003,6.894629511763209
14608.0,538516,22112,CHOCOLATE HOT WATER BOTTLE,437,2010-12-12 14:49:00,4.225,United Kingdom,1785.15,Yes,4,4,1.3862943611198906,1.3862943611198906,7.487257724296558
14621.0,539222,22179,SET 10 LIGHTS NIGHT OWL,993,2010-12-16 13:00:00,3.0166304347826083,United Kingdom,1788.3600000000001,Yes,1,5,0.0,1.6094379124341003,7.489054277748702
14649.0,552843,71459,HANGING JAM JAR T-LIGHT HOLDER,1004,2011-05-11 14:37:00,2.6493010752688173,United Kingdom,1402.59,Yes,5,4,1.6094379124341003,1.3862943611198906,7.246075806460968
14653.0,540185,48194,DOORMAT HEARTS,945,2011-01-05 13:40:00,3.2910256410256413,United Kingdom,1926.65,Yes,1,7,0.0,1.9459101490553132,7.5635380224418665
14655.0,551534,21723,ALPHABET HEARTS STICKER SHEET,1089,2011-05-01 14:59:00,2.686938775510204,United Kingdom,1932.23,Yes,8,4,2.0794415416798357,1.3862943611198906,7.566430055305905
14659.0,542526,22617,BAKING SET SPACEBOY DESIGN,1195,2011-01-28 12:43:00,2.9375098814229252,United Kingdom,2529.93,Yes,9,9,2.1972245773362196,2.1972245773362196,7.8359469133546105
14673.0,537603,21485,RETROSPOT HEART HOT WATER BOTTLE,1004,2010-12-07 12:49:00,2.395,United Kingdom,1736.4,Yes,3,5,1.0986122886681098,1.6094379124341003,7.459569283425439
14696.0,536571,85032D,YULETIDE IMAGES GIFT WRAP SET,1630,2010-12-01 15:37:00,2.4591538461538462,United Kingdom,2078.95,Yes,4,7,1.3862943611198906,1.9459101490553132,7.639618237544757
14698.0,571850,22690,DOORMAT HOME SWEET HOME BLUE ,602,2011-10-19 12:54:00,2.8583499999999997,United Kingdom,1217.27,Yes,2,5,0.6931471805599453,1.6094379124341003,7.104365925406369
14701.0,542360,22768,FAMILY PHOTO FRAME CORNICE,921,2011-01-27 12:40:00,3.1573088685015294,United Kingdom,2526.09,Yes,11,9,2.3978952727983707,2.1972245773362196,7.8344279317294045
14704.0,556489,23338,EGG FRYING PAN RED ,1043,2011-06-12 13:59:00,2.2621119592875316,United Kingdom,1493.96,Yes,11,9,2.3978952727983707,2.1972245773362196,7.309185591572626
14708.0,537350,21682,LARGE MEDINA STAMPED METAL BOWL ,621,2010-12-06 12:23:00,3.0003571428571427,United Kingdom,1126.37,Yes,3,3,1.0986122886681098,1.0986122886681098,7.026755351526372
14711.0,547370,22822,CREAM WALL PLANTER HEART SHAPED,966,2011-03-22 13:32:00,4.836927536231884,United Kingdom,2839.62,Yes,10,11,2.302585092994046,2.3978952727983707,7.951425519385955
14713.0,538167,22086,PAPER CHAIN KIT 50'S CHRISTMAS ,1613,2010-12-09 18:58:00,2.4751479289940828,United Kingdom,2662.2,Yes,9,11,2.1972245773362196,2.3978952727983707,7.8869081276129185
14719.0,548867,71459,HANGING JAM JAR T-LIGHT HOLDER,1025,2011-04-04 14:17:00,2.3554893617021273,United Kingdom,1581.84,Yes,2,5,0.6931471805599453,1.6094379124341003,7.366344005412574
14723.0,536976,22753,SMALL YELLOW BABUSHKA NOTEBOOK ,673,2010-12-03 14:18:00,2.290772200772201,United Kingdom,1122.3600000000001,Yes,10,6,2.302585092994046,1.791759469228055,7.02318889023446
14730.0,545980,21774,DECORATIVE CATS BATHROOM BOTTLE,1078,2011-03-08 12:49:00,2.5628138528138527,United Kingdom,1897.57,Yes,1,8,0.0,2.0794415416798357,7.5483293992349285
14732.0,540060,22722,SET OF 6 SPICE TINS PANTRY DESIGN,1405,2011-01-04 14:40:00,3.386326530612245,United Kingdom,2702.4900000000002,Yes,8,8,2.0794415416798357,2.0794415416798357,7.901928849228996
14737.0,539723,21621,VINTAGE UNION JACK BUNTING,345,2010-12-21 13:49:00,3.614117647058823,United Kingdom,1164.55,Yes,4,3,1.3862943611198906,1.0986122886681098,7.060090025285416
14739.0,537627,85049A,TRADITIONAL CHRISTMAS RIBBONS,3820,2010-12-07 14:58:00,2.065166666666667,United Kingdom,3902.28,Yes,4,7,1.3862943611198906,1.9459101490553132,8.269316276681353
14741.0,536604,84832,ZINC WILLIE WINKIE  CANDLE STICK,841,2010-12-02 08:43:00,2.6030508474576273,United Kingdom,1400.34,Yes,12,6,2.4849066497880004,1.791759469228055,7.2444703432611846
14759.0,550836,22427,ENAMEL FLOWER JUG CREAM,569,2011-04-21 10:55:00,5.394117647058824,United Kingdom,1625.97,Yes,5,3,1.6094379124341003,1.0986122886681098,7.3938598397530475
14766.0,537847,22839,3 TIER CAKE TIN GREEN AND CREAM,1349,2010-12-08 15:33:00,2.6556296296296296,United Kingdom,2473.37,Yes,8,6,2.0794415416798357,1.791759469228055,7.8133368721812735
14794.0,540548,22726,ALARM CLOCK BAKELIKE GREEN,673,2011-01-09 16:11:00,3.903,United Kingdom,1319.91,Yes,3,7,1.0986122886681098,1.9459101490553132,7.1853188314377485
14825.0,537359,22086,PAPER CHAIN KIT 50'S CHRISTMAS ,989,2010-12-06 12:30:00,2.742166666666667,United Kingdom,2221.01,Yes,4,12,1.3862943611198906,2.4849066497880004,7.705717326360653
14868.0,550778,22349,DOG BOWL CHASING BALL DESIGN,1405,2011-04-20 13:36:00,2.8812499999999996,United Kingdom,2953.59,Yes,3,8,1.0986122886681098,2.0794415416798357,7.990776658603993
14878.0,539201,22902,TOTE BAG I LOVE LONDON,799,2010-12-16 12:11:00,2.60155737704918,United Kingdom,1476.09,Yes,13,9,2.5649493574615367,2.1972245773362196,7.297151978911237
14897.0,544091,21670,BLUE SPOT CERAMIC DRAWER KNOB,468,2011-02-16 08:37:00,5.067454545454545,United Kingdom,1366.38,Yes,8,4,2.0794415416798357,1.3862943611198906,7.219920185924842
14901.0,536633,22952,60 CAKE CASES VINTAGE CHRISTMAS,661,2010-12-02 11:20:00,3.1441666666666666,United Kingdom,1421.29,Yes,11,9,2.3978952727983707,2.1972245773362196,7.25932018890793
14907.0,537464,22113,GREY HEART HOT WATER BOTTLE,1691,2010-12-07 10:14:00,3.4733939393939393,United Kingdom,3501.1,Yes,3,7,1.0986122886681098,1.9459101490553132,8.160832483814382
14931.0,549914,22908,PACK OF 20 NAPKINS RED APPLES,417,2011-04-13 09:32:00,12.147804878048781,Channel Islands,1257.68,No,5,5,1.6094379124341003,1.6094379124341003,7.137024032883258
14963.0,556198,22898,CHILDRENS APRON APPLES DESIGN,1159,2011-06-09 12:30:00,2.303125,United Kingdom,1472.34,Yes,10,5,2.302585092994046,1.6094379124341003,7.294608250878319
15021.0,537769,15056BL,EDWARDIAN PARASOL BLACK,819,2010-12-08 12:17:00,2.680540540540541,United Kingdom,1871.77,Yes,9,9,2.1972245773362196,2.1972245773362196,7.5346397862413665
15024.0,537608,84949,SILVER HANGING T-LIGHT HOLDER,902,2010-12-07 13:20:00,2.8549342105263156,United Kingdom,1636.43,Yes,10,10,2.302585092994046,2.302585092994046,7.4002723188131325
15033.0,541213,22151,PLACE SETTING WHITE HEART,1672,2011-01-14 13:28:00,2.099141716566866,United Kingdom,2557.18,Yes,5,10,1.6094379124341003,2.302585092994046,7.846660367807709
15089.0,562219,20984,12 PENCILS TALL TUBE POSY,1359,2011-08-03 14:14:00,3.3199310344827584,United Kingdom,2420.84,Yes,10,6,2.302585092994046,1.791759469228055,7.791869866360899
15113.0,571289,82552,WASHROOM METAL SIGN,2344,2011-10-16 15:27:00,2.097835051546392,United Kingdom,3509.43,Yes,10,3,2.302585092994046,1.0986122886681098,8.16320891011032
15136.0,565453,23319,BOX OF 6 MINI 50'S CRACKERS,776,2011-09-04 16:05:00,2.0561764705882353,United Kingdom,1286.7,Yes,3,4,1.0986122886681098,1.3862943611198906,7.159836080190945
15145.0,549017,22568,FELTCRAFT CUSHION OWL,756,2011-04-05 15:20:00,3.413731343283582,United Kingdom,1194.73,Yes,4,4,1.3862943611198906,1.3862943611198906,7.0856754974144085
15156.0,574681,22622,BOX OF VINTAGE ALPHABET BLOCKS,597,2011-11-06 12:41:00,2.841090909090909,United Kingdom,961.49,Yes,1,3,0.0,1.0986122886681098,6.868484164558733
15157.0,539250,22782,SET 3 WICKER STORAGE BASKETS ,2392,2010-12-16 13:44:00,1.84528,United Kingdom,1936.07,Yes,4,3,1.3862943611198906,1.0986122886681098,7.568415424207666
15172.0,550317,22621,TRADITIONAL KNITTING NANCY,1611,2011-04-17 11:56:00,2.087909090909091,United Kingdom,1624.05,Yes,9,5,2.1972245773362196,1.6094379124341003,7.392678308425017
15208.0,539717,22457,NATURAL SLATE HEART CHALKBOARD ,316,2010-12-21 13:03:00,4.873333333333333,United Kingdom,870.12,Yes,1,5,0.0,1.6094379124341003,6.7686311331715014
15214.0,549583,84531A,PINK KNITTED EGG COSY,1254,2011-04-11 09:46:00,2.4215454545454547,United Kingdom,1661.44,Yes,2,8,0.6931471805599453,2.0794415416798357,7.415439975195561
15237.0,551160,22457,NATURAL SLATE HEART CHALKBOARD ,1071,2011-04-26 15:04:00,2.5204040404040406,United Kingdom,1412.32,Yes,2,4,0.6931471805599453,1.3862943611198906,7.252989021271922
15271.0,538064,21823,PAINTED METAL HEART WITH HOLLY BELL,1251,2010-12-09 13:47:00,2.7929166666666667,United Kingdom,2493.34,Yes,7,15,1.9459101490553132,2.70805020110221,7.821378456093631
15344.0,568333,23401,RUSTIC MIRROR WITH LACE HEART,116,2011-09-26 14:48:00,7.559230769230769,United Kingdom,563.94,Yes,1,3,0.0,1.0986122886681098,6.334947862860266
15351.0,537057,22379,RECYCLING BAG RETROSPOT ,742,2010-12-05 11:49:00,2.856438356164384,United Kingdom,1934.66,Yes,12,7,2.4849066497880004,1.9459101490553132,7.567686879430652
15373.0,536985,22423,REGENCY CAKESTAND 3 TIER,500,2010-12-03 14:40:00,5.201363636363637,United Kingdom,2415.91,Yes,8,12,2.0794415416798357,2.4849066497880004,7.789831306705216
15380.0,538101,35001W,HAND OPEN SHAPE DECO.WHITE,376,2010-12-09 15:01:00,6.140555555555555,United Kingdom,1690.2600000000002,Yes,9,5,2.1972245773362196,1.6094379124341003,7.43263764223786
15392.0,538879,84819,DANISH ROSE ROUND SEWING BOX,1277,2010-12-14 15:50:00,2.1430952380952384,United Kingdom,1535.53,Yes,5,4,1.6094379124341003,1.3862943611198906,7.336630877299919
15394.0,539217,22630,DOLLY GIRL LUNCH BOX,910,2010-12-16 12:46:00,3.2396470588235293,United Kingdom,2183.54,Yes,10,4,2.302585092994046,1.3862943611198906,7.688702691970095
15399.0,567678,23207,LUNCH BAG ALPHABET DESIGN,611,2011-09-21 15:57:00,1.9098,United Kingdom,815.77,Yes,1,3,0.0,1.0986122886681098,6.704132452488239
15434.0,554289,23110,PARISIENNE KEY CABINET ,647,2011-05-23 14:18:00,3.250181818181818,United Kingdom,1041.48,Yes,8,5,2.0794415416798357,1.6094379124341003,6.9483980574441535
15443.0,541847,48129,DOORMAT TOPIARY,1639,2011-01-23 13:25:00,3.003978494623656,United Kingdom,3213.59,Yes,2,7,0.6931471805599453,1.9459101490553132,8.075143971265275
15453.0,555537,22921,HERB MARKER CHIVES ,837,2011-06-05 12:37:00,2.5548745519713263,United Kingdom,1371.77,Yes,2,7,0.6931471805599453,1.9459101490553132,7.223857155748965
15484.0,567853,21136,PAINTED METAL PEARS ASSORTED,3150,2011-09-22 13:31:00,2.1766844919786097,United Kingdom,3590.41,Yes,1,4,0.0,1.3862943611198906,8.186021681089436
15514.0,538313,21889,WOODEN BOX OF DOMINOES,2098,2010-12-10 13:50:00,2.3234939759036144,United Kingdom,4023.7200000000003,Yes,12,11,2.4849066497880004,2.3978952727983707,8.29996212685363
15525.0,536528,22815,CARD PSYCHEDELIC APPLES,387,2010-12-01 13:17:00,2.611923076923077,United Kingdom,734.37,Yes,2,3,0.6931471805599453,1.0986122886681098,6.599012988798708
15544.0,536732,21238,RED RETROSPOT CUP,3109,2010-12-02 12:47:00,1.5977992277992277,United Kingdom,3546.71,Yes,9,9,2.1972245773362196,2.1972245773362196,8.173775692198
15570.0,537141,84947,ANTIQUE SILVER TEA GLASS ENGRAVED,2063,2010-12-05 12:57:00,3.69141065830721,United Kingdom,4148.82,Yes,7,12,1.9459101490553132,2.4849066497880004,8.330579235443818
15572.0,545698,20712,JUMBO BAG WOODLAND ANIMALS,1213,2011-03-06 14:44:00,3.6592452830188678,United Kingdom,2533.42,Yes,5,7,1.6094379124341003,1.9459101490553132,7.837325447547462
15602.0,537424,85123A,WHITE HANGING HEART T-LIGHT HOLDER,1137,2010-12-06 15:35:00,2.409782608695652,United Kingdom,1297.8700000000001,Yes,8,9,2.0794415416798357,2.1972245773362196,7.168479738165075
15611.0,540510,22423,REGENCY CAKESTAND 3 TIER,504,2011-01-09 11:32:00,5.777674418604651,United Kingdom,1591.45,Yes,10,13,2.302585092994046,2.5649493574615367,7.372400829326333
15621.0,577209,85123A,WHITE HANGING HEART T-LIGHT HOLDER,501,2011-11-18 11:49:00,2.06625,United Kingdom,1293.03,Yes,4,4,1.3862943611198906,1.3862943611198906,7.164743580358847
15628.0,537674,22601,CHRISTMAS RETROSPOT ANGEL WOOD,1894,2010-12-08 09:51:00,2.3046451612903227,United Kingdom,2870.2400000000002,Yes,5,9,1.6094379124341003,2.1972245773362196,7.962150928950781
15687.0,541111,84846A,SCENTED CANDLE IN DIGITALIS TIN,1310,2011-01-13 15:13:00,4.248253012048193,United Kingdom,2993.1,Yes,9,9,2.1972245773362196,2.1972245773362196,8.004064918587572
15701.0,563909,22557,PLASTERS IN TIN VINTAGE PAISLEY ,912,2011-08-21 12:36:00,2.9761739130434783,United Kingdom,1529.0,Yes,2,4,0.6931471805599453,1.3862943611198906,7.332369205929062
15712.0,544969,22138,BAKING SET 9 PIECE RETROSPOT ,486,2011-02-25 11:32:00,3.666792452830189,United Kingdom,1072.3600000000001,Yes,9,5,2.1972245773362196,1.6094379124341003,6.977617106151054
15750.0,537689,21833,CAMOUFLAGE LED TORCH,1783,2010-12-08 10:36:00,2.444020618556701,United Kingdom,2463.05,Yes,3,8,1.0986122886681098,2.0794415416798357,7.809155698361097
15755.0,544391,22251,BIRDHOUSE DECORATION MAGIC GARDEN,1427,2011-02-18 11:53:00,3.1785106382978725,United Kingdom,2364.25,Yes,10,6,2.302585092994046,1.791759469228055,7.768216125895622
15782.0,566282,22086,PAPER CHAIN KIT 50'S CHRISTMAS ,864,2011-09-11 14:29:00,6.1141860465116284,United Kingdom,2614.7400000000002,Yes,10,3,2.302585092994046,1.0986122886681098,7.868919945169659
15796.0,543626,82494L,WOODEN FRAME ANTIQUE WHITE ,860,2011-02-10 15:40:00,3.9094696969696967,United Kingdom,2708.61,Yes,1,8,0.0,2.0794415416798357,7.904190867158634
15804.0,554557,22178,VICTORIAN GLASS HANGING T-LIGHT,2565,2011-05-25 10:12:00,3.7104961832061067,United Kingdom,4206.39,Yes,1,13,0.0,2.5649493574615367,8.344360076643008
15854.0,538592,21030,SPACE CADET RED,926,2010-12-13 11:47:00,2.9696376811594205,United Kingdom,2969.12,Yes,4,12,1.3862943611198906,2.4849066497880004,7.996020891596029
15861.0,546912,85132C,CHARLIE AND LOLA FIGURES TINS,2528,2011-03-17 20:12:00,1.8722037037037038,United Kingdom,3146.92,Yes,12,8,2.4849066497880004,2.0794415416798357,8.05417947570538
15898.0,537254,22149,FELTCRAFT 6 FLOWER FRIENDS,567,2010-12-06 11:01:00,3.3666666666666667,United Kingdom,1383.83,Yes,1,5,0.0,1.6094379124341003,7.232610296263159
15903.0,544307,22713,CARD I LOVE LONDON ,2410,2011-02-17 14:04:00,2.245135135135135,United Kingdom,5126.76,Yes,10,7,2.302585092994046,1.9459101490553132,8.542229159687446
15910.0,542345,22386,JUMBO BAG PINK POLKADOT,1013,2011-01-27 11:55:00,1.8133458646616543,United Kingdom,1228.88,Yes,1,8,0.0,2.0794415416798357,7.11385846444089
15932.0,544806,22441,GROW YOUR OWN BASIL IN ENAMEL MUG,2325,2011-02-23 14:50:00,1.4927826086956522,United Kingdom,2495.87,Yes,4,8,1.3862943611198906,2.0794415416798357,7.822392644799601
15984.0,537384,22633,HAND WARMER UNION JACK,1815,2010-12-06 13:21:00,2.745813953488372,United Kingdom,2780.63,Yes,3,10,1.0986122886681098,2.302585092994046,7.930432799715579
15987.0,537226,22811,SET OF 6 T-LIGHTS CACTI ,1533,2010-12-06 08:34:00,2.245546875,United Kingdom,1432.77,Yes,12,7,2.4849066497880004,1.9459101490553132,7.267364912503848
15993.0,572913,21326,AGED GLASS SILVER T-LIGHT HOLDER,2037,2011-10-26 16:21:00,2.2417679558011048,United Kingdom,2777.67,Yes,9,7,2.1972245773362196,1.9459101490553132,7.929367725761379
16000.0,581105,85152,HAND OVER THE CHOCOLATE   SIGN ,5110,2011-12-07 12:14:00,3.3455555555555554,United Kingdom,12393.7,Yes,3,3,1.0986122886681098,1.0986122886681098,9.424943557968492
16016.0,537773,20764,ABSTRACT CIRCLES SKETCHBOOK ,602,2010-12-08 12:36:00,3.0029464285714282,United Kingdom,1465.51,Yes,3,8,1.0986122886681098,2.0794415416798357,7.289958583737356
16076.0,553183,21936,RED RETROSPOT PICNIC BAG,1435,2011-05-15 12:31:00,2.541007751937985,United Kingdom,2234.73,Yes,3,10,1.0986122886681098,2.302585092994046,7.711875694380986
16103.0,550765,23052,RECYCLED ACAPULCO MAT TURQUOISE,558,2011-04-20 12:28:00,4.607291666666667,United Kingdom,1429.64,Yes,7,6,1.9459101490553132,1.791759469228055,7.265177943308294
16115.0,544449,22567,20 DOLLY PEGS RETROSPOT,994,2011-02-20 12:14:00,2.3796774193548385,United Kingdom,1660.8799999999999,Yes,10,8,2.302585092994046,2.0794415416798357,7.415102861368293
16143.0,537211,22666,RECIPE BOX PANTRY YELLOW DESIGN,919,2010-12-05 15:18:00,4.138119658119658,United Kingdom,2424.94,Yes,3,6,1.0986122886681098,1.791759469228055,7.793562060797448
16145.0,538896,84625A,PINK NEW BAROQUECANDLESTICK CANDLE,3123,2010-12-15 09:09:00,2.2435267857142858,United Kingdom,3799.4900000000002,Yes,9,11,2.1972245773362196,2.3978952727983707,8.242622126181123
16156.0,542993,22720,SET OF 3 CAKE TINS PANTRY DESIGN ,1273,2011-02-02 12:02:00,3.1065625,United Kingdom,3092.04,Yes,9,9,2.1972245773362196,2.1972245773362196,8.036586346234243
16169.0,568146,23201,JUMBO BAG ALPHABET,1325,2011-09-25 11:33:00,2.0698823529411765,United Kingdom,1822.97,Yes,8,4,2.0794415416798357,1.3862943611198906,7.50822231815269
16201.0,563953,23344,JUMBO BAG 50'S CHRISTMAS ,1286,2011-08-22 10:47:00,2.0225225225225225,United Kingdom,1863.47,Yes,3,4,1.0986122886681098,1.3862943611198906,7.530195620050795
16241.0,537049,21733,RED HANGING HEART T-LIGHT HOLDER,1443,2010-12-05 11:04:00,2.225236641221374,United Kingdom,2590.31,Yes,10,13,2.302585092994046,2.5649493574615367,7.859532838650864
16242.0,545894,84459B,YELLOW METAL CHICKEN HEART ,1969,2011-03-07 17:04:00,2.4226027397260275,United Kingdom,3579.86,Yes,8,7,2.0794415416798357,1.9459101490553132,8.183078972484829
16265.0,538183,22943,CHRISTMAS LIGHTS 10 VINTAGE BAUBLES,2646,2010-12-10 10:21:00,3.743875968992248,United Kingdom,5447.0,Yes,9,9,2.1972245773362196,2.1972245773362196,8.602820277383675
16271.0,539290,22646,CERAMIC STRAWBERRY CAKE MONEY BANK,1024,2010-12-16 16:36:00,1.6646923076923077,United Kingdom,1404.64,Yes,3,5,1.0986122886681098,1.6094379124341003,7.247536321177899
16283.0,553194,22561,WOODEN SCHOOL COLOURING SET,1236,2011-05-15 13:37:00,2.4171686746987953,United Kingdom,1570.81,Yes,6,5,1.791759469228055,1.6094379124341003,7.359346688866427
16326.0,540516,90120C,GREEN MURANO TWIST BRACELET,682,2011-01-09 12:01:00,5.088733333333334,United Kingdom,3039.2200000000003,Yes,6,14,1.791759469228055,2.6390573296152584,8.01935618253089
16358.0,556073,22800,ANTIQUE TALL SWIRLGLASS TRINKET POT,1302,2011-06-08 15:05:00,1.8883486238532112,United Kingdom,2027.5,Yes,1,4,0.0,1.3862943611198906,7.614558785989568
16359.0,540858,84836,ZINC METAL HEART DECORATION,1183,2011-01-12 10:49:00,8.14318181818182,United Kingdom,1750.92,Yes,7,9,1.9459101490553132,2.1972245773362196,7.4678966430639315
16360.0,566420,22197,POPCORN HOLDER,2110,2011-09-12 13:50:00,2.296289308176101,United Kingdom,3450.41,Yes,5,6,1.6094379124341003,1.791759469228055,8.146248343544134
16379.0,567700,84879,ASSORTED COLOUR BIRD ORNAMENT,1410,2011-09-22 09:33:00,1.9833333333333334,United Kingdom,2157.4,Yes,4,4,1.3862943611198906,1.3862943611198906,7.676659071941328
16393.0,537158,22629,SPACEBOY LUNCH BOX ,1573,2010-12-05 13:10:00,1.979051987767584,United Kingdom,3040.96,Yes,2,13,0.6931471805599453,2.5649493574615367,8.01992853402295
16401.0,541239,22557,PLASTERS IN TIN VINTAGE PAISLEY ,3882,2011-01-16 10:56:00,1.4426344086021505,United Kingdom,4098.32,Yes,1,12,0.0,2.4849066497880004,8.318332412621869
16407.0,542716,22772,PINK DRAWER KNOB ACRYLIC EDWARDIAN,1093,2011-01-31 14:02:00,2.9770833333333333,United Kingdom,2079.68,Yes,13,10,2.5649493574615367,2.302585092994046,7.639969314705984
16426.0,546009,82001S,VINYL RECORD FRAME SILVER,1215,2011-03-08 15:45:00,2.1071671388101985,United Kingdom,1863.76,Yes,2,10,0.6931471805599453,2.302585092994046,7.530351231591046
16438.0,567174,84987,SET OF 36 TEATIME PAPER DOILIES,463,2011-09-18 13:31:00,2.194015151515152,United Kingdom,798.35,Yes,6,5,1.791759469228055,1.6094379124341003,6.682547097785711
16440.0,552365,21713,CITRONELLA CANDLE FLOWERPOT,2018,2011-05-09 12:25:00,2.2190425531914895,United Kingdom,3640.67,Yes,8,5,2.0794415416798357,1.6094379124341003,8.199923009626797
16474.0,560271,20838,FRENCH LATTICE CUSHION COVER ,909,2011-07-17 14:51:00,2.2656379821958454,United Kingdom,1810.65,Yes,7,7,1.9459101490553132,1.9459101490553132,7.501441175815246
16539.0,536572,22589,CARDHOLDER GINGHAM STAR,477,2010-12-01 15:40:00,3.893333333333333,United Kingdom,1388.81,Yes,3,4,1.0986122886681098,1.3862943611198906,7.236202544340992
16549.0,540531,22666,RECIPE BOX PANTRY YELLOW DESIGN,2294,2011-01-09 14:03:00,2.0461837837837837,United Kingdom,4034.9,Yes,10,10,2.302585092994046,2.302585092994046,8.302736797249482
16600.0,540167,84916,HAND TOWEL PALE BLUE W FLOWERS,1145,2011-01-05 12:13:00,1.4333870967741935,United Kingdom,813.52,Yes,4,6,1.3862943611198906,1.791759469228055,6.701370511482882
16678.0,545344,22458,CAST IRON HOOK GARDEN FORK,2397,2011-03-02 09:24:00,1.8485276073619632,United Kingdom,3109.99,Yes,3,12,1.0986122886681098,2.4849066497880004,8.042374789734026
16682.0,555519,21833,CAMOUFLAGE LED TORCH,1040,2011-06-05 11:02:00,1.7696666666666665,United Kingdom,1028.0,Yes,5,5,1.6094379124341003,1.6094379124341003,6.93537044601511
16688.0,570337,22367,CHILDRENS APRON SPACEBOY DESIGN,804,2011-10-10 12:23:00,2.7750000000000004,United Kingdom,1260.86,Yes,1,4,0.0,1.3862943611198906,7.139549306803789
16711.0,539406,15056BL,EDWARDIAN PARASOL BLACK,833,2010-12-17 12:43:00,3.4931818181818177,United Kingdom,1651.03,Yes,3,5,1.0986122886681098,1.6094379124341003,7.409154614560613
16712.0,546003,22691,DOORMAT WELCOME SUNRISE,1730,2011-03-08 15:07:00,2.997146118721461,United Kingdom,3611.31,Yes,9,11,2.1972245773362196,2.3978952727983707,8.191825866388008
16744.0,557308,22993,SET OF 4 PANTRY JELLY MOULDS,798,2011-06-19 15:13:00,2.517203389830508,United Kingdom,1291.91,Yes,11,7,2.3978952727983707,1.9459101490553132,7.163877022473491
16764.0,560601,22427,ENAMEL FLOWER JUG CREAM,1253,2011-07-19 17:17:00,2.3704571428571426,United Kingdom,2790.9500000000003,Yes,4,13,1.3862943611198906,2.5649493574615367,7.934137318649947
16775.0,537634,21617,4 LILY  BOTANICAL DINNER CANDLES,439,2010-12-07 15:15:00,4.648025477707006,United Kingdom,1691.51,Yes,10,11,2.302585092994046,2.3978952727983707,7.433376900115792
16782.0,537955,22158,3 HEARTS HANGING DECORATION RUSTIC,705,2010-12-09 11:28:00,3.7166666666666663,United Kingdom,2267.9500000000003,Yes,10,13,2.302585092994046,2.5649493574615367,7.72663161874925
16790.0,573993,84029E,RED WOOLLY HOTTIE WHITE HEART.,898,2011-11-02 11:23:00,2.3633333333333333,United Kingdom,1545.6200000000001,Yes,4,6,1.3862943611198906,1.791759469228055,7.343180403333125
16794.0,556491,23263,SET OF 3 WOODEN HEART DECORATIONS,923,2011-06-12 14:15:00,1.7748920863309352,United Kingdom,1196.5,Yes,1,10,0.0,2.302585092994046,7.087155907348428
16813.0,553856,22854,CREAM SWEETHEART EGG HOLDER,1501,2011-05-19 13:28:00,1.753051643192488,United Kingdom,1652.18,Yes,8,10,2.0794415416798357,2.302585092994046,7.409850906983113
16817.0,537397,22595,CHRISTMAS GINGHAM HEART,822,2010-12-06 14:19:00,3.5644186046511632,United Kingdom,1604.75,Yes,3,9,1.0986122886681098,2.1972245773362196,7.380723260191887
16818.0,553658,22831,WHITE BROCANTE SOAP DISH,2164,2011-05-18 11:42:00,2.5258510638297875,United Kingdom,3349.57,Yes,11,11,2.3978952727983707,2.3978952727983707,8.116587258371537
16833.0,540525,22326,ROUND SNACK BOXES SET OF4 WOODLAND ,440,2011-01-09 13:02:00,3.1982978723404254,United Kingdom,1106.53,Yes,1,4,0.0,1.3862943611198906,7.008984271640512
16873.0,538354,85230E,STRAWBRY SCENTED VOTIVE CANDLE,3840,2010-12-10 15:45:00,3.503727598566308,United Kingdom,7123.62,Yes,5,6,1.6094379124341003,1.791759469228055,8.871171302167117
16891.0,536874,21135,VICTORIAN  METAL POSTCARD SPRING,265,2010-12-03 11:35:00,3.075913978494624,United Kingdom,742.43,Yes,2,5,0.6931471805599453,1.6094379124341003,6.609928590138308
16892.0,556182,23284,DOORMAT KEEP CALM AND COME IN,236,2011-06-09 11:35:00,3.265360824742268,United Kingdom,518.19,Yes,1,5,0.0,1.6094379124341003,6.250341970373303
16899.0,538841,21987,PACK OF 6 SKULL PAPER CUPS,520,2010-12-14 13:11:00,3.3582926829268294,United Kingdom,1271.06,Yes,8,6,2.0794415416798357,1.791759469228055,7.1476064769989245
16905.0,536860,22627,MINT KITCHEN SCALES,1381,2010-12-03 10:43:00,3.5584924623115577,United Kingdom,3037.6,Yes,5,7,1.6094379124341003,1.9459101490553132,8.018823008917593
16910.0,566200,23330,DECORATIVE WICKER HEART MEDIUM,884,2011-09-09 14:14:00,2.1793577981651375,United Kingdom,1508.96,Yes,4,8,1.3862943611198906,2.0794415416798357,7.319175950795575
16929.0,559299,21929,JUMBO BAG PINK VINTAGE PAISLEY,929,2011-07-07 12:39:00,2.0796103896103895,United Kingdom,1295.39,Yes,4,7,1.3862943611198906,1.9459101490553132,7.166567087095738
16938.0,543174,21790,VINTAGE SNAP CARDS,2533,2011-02-04 09:34:00,2.8279148936170215,United Kingdom,2711.6800000000003,Yes,9,4,2.1972245773362196,1.3862943611198906,7.90532364799814
16942.0,551057,48194,DOORMAT HEARTS,805,2011-04-26 11:59:00,2.984693140794224,United Kingdom,1904.99,Yes,13,9,2.5649493574615367,2.1972245773362196,7.552232038203192
16949.0,542350,48194,DOORMAT HEARTS,791,2011-01-27 12:11:00,6.3966666666666665,United Kingdom,1286.27,Yes,4,6,1.3862943611198906,1.791759469228055,7.159501836104147
16954.0,538908,84375,SET OF 20 KIDS COOKIE CUTTERS,1054,2010-12-15 10:41:00,3.3449999999999998,United Kingdom,2085.08,Yes,1,9,0.0,2.1972245773362196,7.6425625028013755
16966.0,549965,22491,PACK OF 12 COLOURED PENCILS,1981,2011-04-13 14:17:00,1.2935714285714286,United Kingdom,2154.97,Yes,8,7,2.0794415416798357,1.9459101490553132,7.675532081327259
16979.0,543983,22178,VICTORIAN GLASS HANGING T-LIGHT,865,2011-02-15 09:20:00,3.4710112359550562,United Kingdom,1852.0,Yes,4,6,1.3862943611198906,1.791759469228055,7.524021415206125
16983.0,537134,22111,SCOTTIE DOG HOT WATER BOTTLE,1335,2010-12-05 12:34:00,2.39986013986014,United Kingdom,1905.87,Yes,13,7,2.5649493574615367,1.9459101490553132,7.552693876221718
16987.0,553714,21792,CLASSIC FRENCH STYLE BASKET GREEN ,401,2011-05-18 15:55:00,4.71765625,United Kingdom,1616.8,Yes,3,7,1.0986122886681098,1.9459101490553132,7.3882041660894116
16989.0,559703,22921,HERB MARKER CHIVES ,1233,2011-07-12 09:11:00,1.5,United Kingdom,1133.25,Yes,7,6,1.9459101490553132,1.791759469228055,7.032844889820959
16992.0,545082,22720,SET OF 3 CAKE TINS PANTRY DESIGN ,860,2011-02-28 10:37:00,3.8163440860215054,United Kingdom,1614.31,Yes,11,5,2.3978952727983707,1.6094379124341003,7.3866628997797426
17001.0,539086,84755,COLOUR GLASS T-LIGHT HOLDER HANGING,2164,2010-12-16 09:35:00,3.05698224852071,United Kingdom,3989.57,Yes,1,11,0.0,2.3978952727983707,8.29143873465281
17042.0,549129,22148,EASTER CRAFT 4 CHICKS ,990,2011-04-06 14:53:00,1.8214432989690723,United Kingdom,1036.58,Yes,3,5,1.0986122886681098,1.6094379124341003,6.943682111724214
17049.0,546028,23183,MOTHER'S KITCHEN SPOON REST ,2673,2011-03-09 08:33:00,3.9342902208201895,United Kingdom,5655.03,Yes,3,9,1.0986122886681098,2.1972245773362196,8.640300693575936
17086.0,570086,22699,ROSES REGENCY TEACUP AND SAUCER ,1859,2011-10-07 11:22:00,2.1609374999999997,United Kingdom,2050.08,Yes,7,6,1.9459101490553132,1.791759469228055,7.625634095761266
17090.0,539597,22302,COFFEE MUG PEARS  DESIGN,903,2010-12-20 13:52:00,2.7237704918032786,United Kingdom,1974.65,Yes,4,7,1.3862943611198906,1.9459101490553132,7.588146446440882
17091.0,537458,22633,HAND WARMER UNION JACK,1746,2010-12-07 09:55:00,3.139846153846154,United Kingdom,3827.76,Yes,3,9,1.0986122886681098,2.1972245773362196,8.25003505468261
17097.0,538095,22504,CABIN BAG VINTAGE RETROSPOT,459,2010-12-09 14:55:00,2.5918009478672985,Spain,954.42,No,2,8,0.6931471805599453,2.0794415416798357,6.861103826138324
17101.0,556797,23012,GLASS APOTHECARY BOTTLE PERFUME,815,2011-06-14 14:49:00,2.8811904761904765,United Kingdom,1621.73,Yes,10,4,2.302585092994046,1.3862943611198906,7.391248759660099
17114.0,540512,21108,FAIRY CAKE FLANNEL ASSORTED COLOUR,215,2011-01-09 11:39:00,5.1258536585365855,United Kingdom,801.12,Yes,6,8,1.791759469228055,2.0794415416798357,6.6860107485816345
17131.0,568165,22508,DOORSTOP RETROSPOT HEART,983,2011-09-25 12:42:00,3.519402985074627,United Kingdom,2463.17,Yes,5,5,1.6094379124341003,1.6094379124341003,7.809204417257136
17144.0,567093,22307,GOLD MUG BONE CHINA TREE OF LIFE,483,2011-09-16 12:50:00,5.275833333333334,United Kingdom,984.57,Yes,1,2,0.0,0.6931471805599453,6.892204997633822
17173.0,561899,85123A,WHITE HANGING HEART T-LIGHT HOLDER,1122,2011-07-31 15:26:00,3.7151162790697674,United Kingdom,3766.6,Yes,5,8,1.6094379124341003,2.0794415416798357,8.233928016760647
17183.0,564668,23188,VINTAGE  2 METER FOLDING RULER,1296,2011-08-26 15:25:00,4.032465753424658,United Kingdom,3347.31,Yes,8,6,2.0794415416798357,1.791759469228055,8.115912317179282
17188.0,538503,22423,REGENCY CAKESTAND 3 TIER,1328,2010-12-12 12:56:00,2.6591666666666667,United Kingdom,2474.23,Yes,11,7,2.3978952727983707,1.9459101490553132,7.813684515486578
17218.0,537421,22533,MAGIC DRAWING SLATE BAKE A CAKE ,955,2010-12-06 15:25:00,2.9098523985239853,United Kingdom,1951.97,Yes,4,10,1.3862943611198906,2.302585092994046,7.576594398002476
17231.0,538638,90162D,ANT SILVER PURPLE BOUDICCA RING,1724,2010-12-13 14:16:00,2.7403389830508473,United Kingdom,3124.72,Yes,12,10,2.4849066497880004,2.302585092994046,8.047099958156181
17288.0,539248,22530,MAGIC DRAWING SLATE DOLLY GIRL ,1201,2010-12-16 13:33:00,2.697857142857143,United Kingdom,1417.63,Yes,9,7,2.1972245773362196,1.9459101490553132,7.25674174215511
17293.0,538646,22299,PIG KEYRING WITH LIGHT & SOUND ,1135,2010-12-13 14:55:00,2.7444696969696967,United Kingdom,1854.06,Yes,8,9,2.0794415416798357,2.1972245773362196,7.525133108061694
17346.0,536551,84970L,SINGLE HEART ZINC T-LIGHT HOLDER,1617,2010-12-01 14:34:00,2.3961490683229814,United Kingdom,2622.88,Yes,4,15,1.3862943611198906,2.70805020110221,7.872028229678146
17350.0,571918,16169E,WRAP 50'S  CHRISTMAS,770,2011-10-19 16:05:00,2.472857142857143,United Kingdom,1281.32,Yes,8,4,2.0794415416798357,1.3862943611198906,7.155646075540669
17364.0,540992,22796,PHOTO FRAME 3 CLASSIC HANGING,2692,2011-01-12 16:57:00,2.711477832512315,United Kingdom,4462.68,Yes,1,11,0.0,2.3978952727983707,8.403504761408868
17386.0,558182,23024,LARGE BONNE JAM JAR  T-LIGHT HOLDER,1902,2011-06-27 12:11:00,1.6421428571428573,United Kingdom,2686.42,Yes,8,6,2.0794415416798357,1.791759469228055,7.895964731203247
17402.0,537194,22619,SET OF 6 SOLDIER SKITTLES,701,2010-12-05 13:53:00,5.860169491525424,United Kingdom,2633.85,Yes,5,13,1.6094379124341003,2.5649493574615367,7.87620193307345
17405.0,559804,22716,CARD CIRCUS PARADE,726,2011-07-12 14:17:00,3.1534146341463414,United Kingdom,1031.41,Yes,1,3,0.0,1.0986122886681098,6.9386820771292905
17412.0,536802,22735,RIBBON REEL SOCKS AND MITTENS,738,2010-12-02 16:29:00,2.721060606060606,United Kingdom,1258.06,Yes,3,7,1.0986122886681098,1.9459101490553132,7.1373261308766045
17426.0,545447,22846,BREAD BIN DINER STYLE RED ,3094,2011-03-02 16:34:00,3.014686346863469,United Kingdom,5037.26,Yes,8,6,2.0794415416798357,1.791759469228055,8.524617562440088
17434.0,566901,85048,15CM CHRISTMAS GLASS BALL 20 LIGHTS,1693,2011-09-15 13:54:00,2.741044776119403,United Kingdom,2373.82,Yes,2,7,0.6931471805599453,1.9459101490553132,7.772255750896543
17449.0,538917,21524,DOORMAT SPOTTY HOME SWEET HOME,1121,2010-12-15 10:57:00,3.497826086956522,United Kingdom,2519.21,Yes,2,7,0.6931471805599453,1.9459101490553132,7.831700639293068
17451.0,564631,23312,VINTAGE CHRISTMAS GIFT SACK,1203,2011-08-26 11:54:00,2.2744,United Kingdom,1721.4,Yes,1,7,0.0,1.9459101490553132,7.450893192215374
17481.0,565795,20992,JAZZ HEARTS PURSE NOTEBOOK,1061,2011-09-07 09:57:00,2.549390243902439,United Kingdom,1255.59,Yes,4,4,1.3862943611198906,1.3862943611198906,7.1353608606162355
17490.0,556958,22138,BAKING SET 9 PIECE RETROSPOT ,1134,2011-06-16 09:15:00,3.0061842105263157,United Kingdom,2092.32,Yes,1,7,0.0,1.9459101490553132,7.646028777158192
17491.0,537592,84879,ASSORTED COLOUR BIRD ORNAMENT,2013,2010-12-07 12:18:00,3.312935779816514,United Kingdom,3558.87,Yes,1,10,0.0,2.302585092994046,8.177198357728704
17522.0,552004,21089,SET/6 GREEN SPRING PAPER CUPS,1034,2011-05-05 16:31:00,1.9445205479452052,United Kingdom,1070.71,Yes,2,5,0.6931471805599453,1.6094379124341003,6.976077258804929
17526.0,538010,71053,WHITE METAL LANTERN,310,2010-12-09 12:20:00,5.22578947368421,United Kingdom,1195.8999999999999,Yes,5,4,1.6094379124341003,1.3862943611198906,7.0866543189747615
17528.0,568894,22045,SPACEBOY GIFT WRAP,2138,2011-09-29 13:04:00,3.161818181818182,United Kingdom,3628.5,Yes,1,8,0.0,2.0794415416798357,8.196574618718191
17530.0,538171,22824,3 TIER SWEETHEART GARDEN SHELF,1514,2010-12-09 20:01:00,2.323102564102564,United Kingdom,2367.12,Yes,1,10,0.0,2.302585092994046,7.769429305313848
17554.0,560106,22704,WRAP RED APPLES ,1763,2011-07-14 20:01:00,3.0594318181818183,United Kingdom,1952.45,Yes,1,5,0.0,1.6094379124341003,7.576840273191324
17567.0,536782,22111,SCOTTIE DOG HOT WATER BOTTLE,2632,2010-12-02 15:18:00,2.3494545454545457,United Kingdom,4331.48,Yes,7,8,1.9459101490553132,2.0794415416798357,8.37366456398143
17590.0,573381,23282,FOLDING BUTTERFLY MIRROR IVORY ,822,2011-10-30 14:05:00,2.6857142857142855,United Kingdom,1468.02,Yes,2,3,0.6931471805599453,1.0986122886681098,7.291669833059857
17593.0,539761,20705,MRS ROBOT SOFT TOY,3089,2010-12-22 10:29:00,2.5075471698113208,United Kingdom,3923.86,Yes,4,5,1.3862943611198906,1.6094379124341003,8.274831142169068
17602.0,541596,20971,PINK BLUE FELT CRAFT TRINKET BOX,4116,2011-01-19 16:18:00,1.9610889292196005,United Kingdom,5054.42,Yes,2,6,0.6931471805599453,1.791759469228055,8.528018386988393
17629.0,538901,22639,SET OF 4 NAPKIN CHARMS HEARTS,1629,2010-12-15 09:58:00,2.0857723577235774,United Kingdom,1814.12,Yes,6,8,1.791759469228055,2.0794415416798357,7.50335578063707
17644.0,547567,22569,FELTCRAFT CUSHION BUTTERFLY,1793,2011-03-24 09:44:00,2.771783439490446,United Kingdom,2895.64,Yes,1,11,0.0,2.3978952727983707,7.970961436386289
17651.0,556935,21975,PACK OF 60 DINOSAUR CAKE CASES,3112,2011-06-15 15:57:00,2.0029310344827587,United Kingdom,3945.0,Yes,12,10,2.4849066497880004,2.302585092994046,8.280204233279974
17655.0,537866,85123A,WHITE HANGING HEART T-LIGHT HOLDER,1116,2010-12-08 16:45:00,4.826153846153846,United Kingdom,2638.94,Yes,11,7,2.3978952727983707,1.9459101490553132,7.878132600360055
17673.0,541856,15044A,PINK PAPER PARASOL ,1462,2011-01-23 15:16:00,1.6019266055045873,United Kingdom,1594.97,Yes,2,6,0.6931471805599453,1.791759469228055,7.374610206264628
17676.0,537815,22355,CHARLOTTE BAG SUKI DESIGN,922,2010-12-08 13:49:00,1.9038961038961038,United Kingdom,1371.18,Yes,4,6,1.3862943611198906,1.791759469228055,7.223426961972848
17682.0,537388,85123A,WHITE HANGING HEART T-LIGHT HOLDER,1367,2010-12-06 13:35:00,2.400762711864407,United Kingdom,2474.33,Yes,10,6,2.302585092994046,1.791759469228055,7.813724931284311
17686.0,543555,22193,RED DINER WALL CLOCK,2478,2011-02-10 10:18:00,3.8588811188811194,United Kingdom,5739.46,Yes,7,7,1.9459101490553132,1.9459101490553132,8.655120408233074
17705.0,543664,22728,ALARM CLOCK BAKELIKE PINK,963,2011-02-11 10:57:00,2.987378640776699,United Kingdom,1823.52,Yes,3,9,1.0986122886681098,2.1972245773362196,7.508523978107426
17728.0,566673,85048,15CM CHRISTMAS GLASS BALL 20 LIGHTS,1469,2011-09-14 11:39:00,3.3267272727272728,United Kingdom,2876.01,Yes,4,3,1.3862943611198906,1.0986122886681098,7.964159195886353
17739.0,538864,21479,WHITE SKULL HOT WATER BOTTLE ,861,2010-12-14 14:26:00,4.5727659574468085,United Kingdom,2791.35,Yes,12,7,2.4849066497880004,1.9459101490553132,7.934280628755346
17744.0,539252,10135,COLOURING PENCILS BROWN TUBE,3412,2010-12-16 14:17:00,0.8940441176470588,United Kingdom,2322.4,Yes,4,6,1.3862943611198906,1.791759469228055,7.7503564127104205
17750.0,558370,84865,NEW BAROQUE BLACK PHOTO ALBUM,3747,2011-06-28 15:44:00,0.675,United Kingdom,1710.45,Yes,5,9,1.6094379124341003,2.1972245773362196,7.444511772771477
17754.0,547672,21500,PINK POLKADOT WRAP ,1816,2011-03-24 13:54:00,0.9578651685393258,United Kingdom,1664.65,Yes,1,5,0.0,1.6094379124341003,7.417370170107071
17768.0,558100,21500,PINK POLKADOT WRAP ,1122,2011-06-26 13:46:00,3.716326530612245,United Kingdom,2081.9,Yes,8,3,2.0794415416798357,1.0986122886681098,7.641036217281728
17827.0,538182,21733,RED HANGING HEART T-LIGHT HOLDER,1240,2010-12-10 10:18:00,2.403627906976744,United Kingdom,1987.33,Yes,5,5,1.6094379124341003,1.6094379124341003,7.594547308279
17856.0,545505,22957,SET 3 PAPER VINTAGE CHICK PAPER EGG,842,2011-03-03 11:40:00,3.5593333333333335,United Kingdom,1418.03,Yes,2,4,0.6931471805599453,1.3862943611198906,7.257023863426809
17861.0,541916,84997C,BLUE 3 PIECE POLKADOT CUTLERY SET,1985,2011-01-24 11:34:00,2.4416438356164383,United Kingdom,2097.88,Yes,3,8,1.0986122886681098,2.0794415416798357,7.648682589989622
17870.0,537667,22158,3 HEARTS HANGING DECORATION RUSTIC,1351,2010-12-08 08:12:00,2.236259259259259,United Kingdom,1865.89,Yes,2,12,0.6931471805599453,2.4849066497880004,7.531493430044826
17883.0,549293,84707A,SILVER JEWELLED MIRROR TRINKET TRAY,374,2011-04-07 19:16:00,2.308732394366197,United Kingdom,664.34,Yes,3,4,1.0986122886681098,1.3862943611198906,6.498794066617264
17924.0,536397,35004B,SET OF 3 BLACK FLYING DUCKS,1160,2010-12-01 10:51:00,3.246451612903226,United Kingdom,2962.5,Yes,12,7,2.4849066497880004,1.9459101490553132,7.993788785443386
17937.0,538515,22622,BOX OF VINTAGE ALPHABET BLOCKS,1754,2010-12-12 14:43:00,3.473255813953488,United Kingdom,4301.22,Yes,9,7,2.1972245773362196,1.9459101490553132,8.366653982370714
17954.0,536977,21481,FAWN BLUE HOT WATER BOTTLE,2221,2010-12-03 14:18:00,1.9439832285115304,United Kingdom,2314.13,Yes,5,12,1.6094379124341003,2.4849066497880004,7.746789085950878
18044.0,538812,22422,TOOTHPASTE TUBE PEN,1033,2010-12-14 12:25:00,4.251574803149607,United Kingdom,2088.6,Yes,4,10,1.3862943611198906,2.302585092994046,7.644249264045448
18065.0,538263,21479,WHITE SKULL HOT WATER BOTTLE ,1027,2010-12-10 12:44:00,4.154306569343065,United Kingdom,2392.83,Yes,6,14,1.791759469228055,2.6390573296152584,7.780232044849981
18077.0,537685,22188,BLACK HEART CARD HOLDER,1839,2010-12-08 10:21:00,1.8161434977578474,United Kingdom,2584.41,Yes,8,11,2.0794415416798357,2.3978952727983707,7.857252521046591
18097.0,539628,72351A,SET/6 TURQUOISE BUTTERFLY T-LIGHTS,1662,2010-12-20 14:49:00,2.9976415094339623,United Kingdom,2662.4,Yes,8,6,2.0794415416798357,1.791759469228055,7.88698325062689
18122.0,559774,85123A,WHITE HANGING HEART T-LIGHT HOLDER,1225,2011-07-12 11:37:00,2.316890756302521,United Kingdom,1793.06,Yes,8,6,2.0794415416798357,1.791759469228055,7.4916789365142895
18144.0,536536,21485,RETROSPOT HEART HOT WATER BOTTLE,1343,2010-12-01 13:45:00,4.43046511627907,United Kingdom,2888.75,Yes,8,12,2.0794415416798357,2.4849066497880004,7.968579161588591
18179.0,540472,21733,RED HANGING HEART T-LIGHT HOLDER,1360,2011-01-07 14:22:00,2.761,United Kingdom,1793.17,Yes,9,6,2.1972245773362196,1.791759469228055,7.491740282272947
18180.0,560603,22457,NATURAL SLATE HEART CHALKBOARD ,1721,2011-07-20 08:59:00,2.080840336134454,United Kingdom,1843.75,Yes,5,6,1.6094379124341003,1.791759469228055,7.5195568200881295
18210.0,546877,84946,ANTIQUE SILVER TEA GLASS ETCHED,1398,2011-03-17 16:58:00,3.5970895522388058,United Kingdom,2621.38,Yes,2,6,0.6931471805599453,1.791759469228055,7.871456175645392
18219.0,537239,22767,TRIPLE PHOTO FRAME CORNICE ,885,2010-12-06 10:05:00,4.12921052631579,United Kingdom,2069.77,Yes,3,10,1.0986122886681098,2.302585092994046,7.635192768975007
18230.0,543598,21181,PLEASE ONE PERSON METAL SIGN,1316,2011-02-10 13:06:00,2.191627906976744,United Kingdom,2810.2000000000003,Yes,9,7,2.1972245773362196,1.9459101490553132,7.94101093417224
18237.0,561617,21668,RED STRIPE CERAMIC DRAWER KNOB,622,2011-07-28 13:05:00,2.957704918032787,United Kingdom,987.1,Yes,3,5,1.0986122886681098,1.6094379124341003,6.8947713514238425
18241.0,552045,85066,CREAM SWEETHEART MINI CHEST,1051,2011-05-06 09:22:00,3.2537499999999997,United Kingdom,2073.09,Yes,10,17,2.302585092994046,2.833213344056216,7.636795526833448
18245.0,539477,21992,VINTAGE PAISLEY STATIONERY SET,1788,2010-12-19 14:58:00,2.5844,United Kingdom,2567.06,Yes,7,7,1.9459101490553132,1.9459101490553132,7.850516554185828
18272.0,549185,20754,RETROSPOT RED WASHING UP GLOVES,2050,2011-04-07 09:35:00,2.2946385542168675,United Kingdom,3078.58,Yes,3,6,1.0986122886681098,1.791759469228055,8.032223730695442
18283.0,540350,22356,CHARLOTTE BAG PINK POLKADOT,1357,2011-01-06 14:14:00,1.6287517337031898,United Kingdom,2045.53,Yes,4,16,1.3862943611198906,2.772588722239781,7.623412203602651
